Feature,Mean_AUC_Drop,Std_AUC_Drop
new_unknown_process_rate,0.00987,0.00076
bytes_written_mb,0.00475,0.00191
file_write_rate,0.00328,0.00144
suspicious_api_rate,0.00267,0.00152
cpu_percent,0.00249,0.0011
process_create_rate,0.00216,0.00136
backup_delete_count,0.00195,0.00139
file_open_rate,0.00195,0.00105
shadow_copy_cmd_count,0.0014,0.00041
failed_access_rate,0.00122,0.00066
file_delete_rate,0.00075,0.0006
directory_traversal_rate,0.00073,0.00066
network_conn_rate,0.00064,0.00049
file_rename_rate,0.00052,0.00046
encrypted_file_ratio,0.00043,6e-05
memory_percent,0.00042,0.0006
unique_extensions,0.00021,0.00016
extension_change_rate,0.0002,0.00025
admin_action_rate,0.00012,0.00017
entropy_delta,4e-05,6e-05
