Threshold,Accuracy,Precision,Recall,F1,Specificity,FPR,FNR,TP,FP,TN,FN
0.1,0.9707,0.9584,0.984,0.9711,0.9573,0.0427,0.016,369,16,359,6
0.2,0.9707,0.9584,0.984,0.9711,0.9573,0.0427,0.016,369,16,359,6
0.3,0.9707,0.9584,0.984,0.9711,0.9573,0.0427,0.016,369,16,359,6
0.4,0.9707,0.9584,0.984,0.9711,0.9573,0.0427,0.016,369,16,359,6
0.5,0.9707,0.9584,0.984,0.9711,0.9573,0.0427,0.016,369,16,359,6
0.6,0.9707,0.9584,0.984,0.9711,0.9573,0.0427,0.016,369,16,359,6
0.7,0.9707,0.9584,0.984,0.9711,0.9573,0.0427,0.016,369,16,359,6
0.8,0.9707,0.9584,0.984,0.9711,0.9573,0.0427,0.016,369,16,359,6
0.9,0.9707,0.9584,0.984,0.9711,0.9573,0.0427,0.016,369,16,359,6
