sequence_id,time_step,host_id,file_write_rate,file_rename_rate,file_delete_rate,entropy_delta,extension_change_rate,process_create_rate,shadow_copy_cmd_count,backup_delete_count,cpu_percent,memory_percent,network_conn_rate,file_open_rate,directory_traversal_rate,suspicious_api_rate,unique_extensions,encrypted_file_ratio,failed_access_rate,admin_action_rate,bytes_written_mb,new_unknown_process_rate
7001,0,HOST-042,4.2,0.0,0.0,0.012,0.0,2,0,0,18.5,35.2,14.0,8.5,12.0,1,4,0.0,0,0,0.85,1
7001,1,HOST-042,5.1,0.0,0.0,0.015,0.0,1,0,0,19.2,36.0,18.5,12.0,18.5,1,5,0.0,0,0,1.10,1
7001,2,HOST-042,6.0,0.0,0.0,0.018,0.0,3,0,0,21.0,36.8,22.0,15.2,22.0,2,6,0.0,1,1,1.45,1
7001,3,HOST-042,7.4,0.0,0.0,0.021,0.0,2,0,0,23.5,38.1,28.0,19.0,32.0,2,7,0.0,1,1,1.90,1
7001,4,HOST-042,8.8,0.0,0.0,0.025,0.0,2,0,0,25.0,39.5,35.0,24.5,45.0,3,8,0.01,1,1,2.50,1
7001,5,HOST-042,12.5,1.0,1.0,0.085,0.0,4,2,1,38.2,45.0,42.0,38.0,65.0,5,10,0.03,2,2,4.80,2
7001,6,HOST-042,18.0,2.0,2.0,0.120,1.0,3,3,2,46.5,49.2,38.0,52.0,78.0,6,12,0.06,3,2,7.20,2
7001,7,HOST-042,24.5,3.0,3.0,0.190,1.0,4,2,2,54.0,52.8,25.0,68.0,92.0,8,14,0.09,4,2,11.5,2
7001,8,HOST-042,32.0,5.0,4.0,0.280,2.0,3,3,2,61.5,58.0,18.0,85.0,105.0,9,16,0.14,5,2,16.0,2
7001,9,HOST-042,45.0,8.0,6.0,0.390,4.0,4,2,1,68.0,62.5,15.0,110.0,115.0,11,18,0.20,6,2,22.0,2
7001,10,HOST-042,88.0,25.0,12.0,0.720,18.0,3,1,1,76.5,69.0,12.0,165.0,98.0,14,20,0.38,8,1,38.5,2
7001,11,HOST-042,125.0,48.0,22.0,0.950,38.0,2,1,0,84.0,74.5,10.0,210.0,85.0,15,22,0.52,9,1,55.0,1
7001,12,HOST-042,168.0,72.0,31.0,1.210,58.0,2,0,0,89.5,79.0,9.0,265.0,75.0,16,24,0.65,11,1,72.0,1
7001,13,HOST-042,215.0,98.0,42.0,1.450,79.0,2,0,0,93.0,83.5,8.0,320.0,65.0,17,25,0.78,12,1,89.0,1
7001,14,HOST-042,260.0,124.0,50.0,1.680,102.0,1,0,0,95.5,87.0,8.0,380.0,58.0,18,26,0.86,13,1,108.0,1
7001,15,HOST-042,295.0,145.0,56.0,1.820,120.0,1,0,0,97.0,89.5,7.0,430.0,52.0,18,27,0.91,14,0,122.0,1
7001,16,HOST-042,320.0,160.0,62.0,1.940,135.0,1,0,0,98.0,91.0,6.0,470.0,48.0,19,28,0.94,15,0,135.0,1
7001,17,HOST-042,340.0,172.0,65.0,2.050,145.0,1,0,0,98.5,92.5,6.0,505.0,45.0,19,28,0.96,15,0,144.0,1
7001,18,HOST-042,355.0,180.0,68.0,2.120,152.0,1,0,0,99.0,93.5,5.0,525.0,42.0,20,28,0.97,16,0,150.0,1
7001,19,HOST-042,365.0,185.0,70.0,2.180,158.0,1,0,0,99.2,94.0,5.0,540.0,40.0,20,28,0.98,16,0,155.0,1
